variety,n_inputs,best_k_any,best_k_3plus,cv_sil,sd,cv_sil_common,cv_dbi,cv_ch,min_cluster_share,buy_rate_min,buy_rate_max
V01 all features,33,2,3,0.175,0.005,0.372,1.982,208,0.082,0.002,0.29
V02 all features + PCA90,33,2,3,0.187,0.005,0.372,1.862,232,0.082,0.004,0.292
V03 behaviour RAW (no log),13,2,3,0.415,0.009,0.382,1.158,505,0.085,0.005,0.292
V04 behaviour LOG,13,3,3,0.369,0.007,0.369,1.177,605,0.078,0.004,0.279
V05 V04 + capping,13,2,3,0.24,0.006,0.21,1.443,674,0.205,0.018,0.272
V06 V04 MinMax scaler,13,2,6,0.406,0.004,0.268,0.896,1055,0.069,0.003,0.674
V07 V04 Robust scaler,13,2,3,0.479,0.007,0.365,0.965,1204,0.075,0.004,0.258
V08 V04 + PCA90,13,3,3,0.383,0.008,0.369,1.115,665,0.079,0.004,0.279
V09 behaviour w/o PageValues,12,3,3,0.4,0.007,0.37,1.101,674,0.077,0.003,0.265
V10 compact 7 features,7,6,6,0.389,0.003,0.256,0.925,894,0.074,0.009,0.647
V11 V04 + visitor/weekend,16,3,3,0.303,0.007,0.367,1.359,444,0.08,0.004,0.279
V12 V04 + capping + PCA90,13,2,6,0.265,0.019,0.223,1.342,562,0.062,0.015,0.271
V13 V09 + PCA90,12,3,3,0.417,0.007,0.371,1.032,751,0.078,0.004,0.266
