Variety,Parameters,Train F1,CV F1 std,CV f1,CV precision,CV recall,CV roc_auc,CV average_precision
Previously tuned balanced,"{""bootstrap"": true, ""ccp_alpha"": 0.0, ""class_weight"": ""balanced"", ""criterion"": ""gini"", ""max_depth"": 12, ""max_features"": 0.5, ""max_leaf_nodes"": null, ""max_samples"": null, ""min_impurity_decrease"": 0.0, ""min_samples_leaf"": 5, ""min_samples_split"": 2, ""min_weight_fraction_leaf"": 0.0, ""monotonic_cst"": null, ""n_estimators"": 100, ""n_jobs"": -1, ""oob_score"": false, ""random_state"": 42, ""verbose"": 0, ""warm_start"": false}",0.8168491157709095,0.016971713594191352,0.683720492489099,0.6174579719820457,0.7667073824065145,0.9315633993533465,0.7494305829172712
Regularized balanced,"{""bootstrap"": true, ""ccp_alpha"": 0.0, ""class_weight"": ""balanced"", ""criterion"": ""gini"", ""max_depth"": 12, ""max_features"": ""sqrt"", ""max_leaf_nodes"": null, ""max_samples"": null, ""min_impurity_decrease"": 0.0, ""min_samples_leaf"": 5, ""min_samples_split"": 2, ""min_weight_fraction_leaf"": 0.0, ""monotonic_cst"": null, ""n_estimators"": 100, ""n_jobs"": -1, ""oob_score"": false, ""random_state"": 42, ""verbose"": 0, ""warm_start"": false}",0.7335244870121513,0.009963273595642065,0.6668485940616555,0.5719988299128049,0.8001285760205722,0.9234782461125149,0.7187101618562285
Regularized SMOTENC,"{""bootstrap"": true, ""ccp_alpha"": 0.0, ""class_weight"": null, ""criterion"": ""gini"", ""max_depth"": 12, ""max_features"": ""sqrt"", ""max_leaf_nodes"": null, ""max_samples"": null, ""min_impurity_decrease"": 0.0, ""min_samples_leaf"": 5, ""min_samples_split"": 2, ""min_weight_fraction_leaf"": 0.0, ""monotonic_cst"": null, ""n_estimators"": 100, ""n_jobs"": -1, ""oob_score"": false, ""random_state"": 42, ""verbose"": 0, ""warm_start"": false}",0.7355348266877757,0.009518382398214393,0.665655120394702,0.5801975400444151,0.7811228972463302,0.9158560736333718,0.6619517337606549
Regularized undersampling,"{""bootstrap"": true, ""ccp_alpha"": 0.0, ""class_weight"": null, ""criterion"": ""gini"", ""max_depth"": 12, ""max_features"": ""sqrt"", ""max_leaf_nodes"": null, ""max_samples"": null, ""min_impurity_decrease"": 0.0, ""min_samples_leaf"": 5, ""min_samples_split"": 2, ""min_weight_fraction_leaf"": 0.0, ""monotonic_cst"": null, ""n_estimators"": 100, ""n_jobs"": -1, ""oob_score"": false, ""random_state"": 42, ""verbose"": 0, ""warm_start"": false}",0.6729983920130027,0.01086643132259598,0.6434966559013594,0.5183145419310013,0.849926068788171,0.9207457497570994,0.7015195531068054
Baseline,"{""bootstrap"": true, ""ccp_alpha"": 0.0, ""class_weight"": null, ""criterion"": ""gini"", ""max_depth"": null, ""max_features"": ""sqrt"", ""max_leaf_nodes"": null, ""max_samples"": null, ""min_impurity_decrease"": 0.0, ""min_samples_leaf"": 1, ""min_samples_split"": 2, ""min_weight_fraction_leaf"": 0.0, ""monotonic_cst"": null, ""n_estimators"": 100, ""n_jobs"": -1, ""oob_score"": false, ""random_state"": 42, ""verbose"": 0, ""warm_start"": false}",1.0,0.01289130522676406,0.6136691036406366,0.7727283705063069,0.5091760420015,0.9227457080158358,0.7369252022385552
Balanced weights,"{""bootstrap"": true, ""ccp_alpha"": 0.0, ""class_weight"": ""balanced"", ""criterion"": ""gini"", ""max_depth"": null, ""max_features"": ""sqrt"", ""max_leaf_nodes"": null, ""max_samples"": null, ""min_impurity_decrease"": 0.0, ""min_samples_leaf"": 1, ""min_samples_split"": 2, ""min_weight_fraction_leaf"": 0.0, ""monotonic_cst"": null, ""n_estimators"": 100, ""n_jobs"": -1, ""oob_score"": false, ""random_state"": 42, ""verbose"": 0, ""warm_start"": false}",1.0,0.01798701423985365,0.606630434780506,0.7655571209165725,0.5026186649523197,0.9230445033777418,0.731053133019939
Balanced subsample,"{""bootstrap"": true, ""ccp_alpha"": 0.0, ""class_weight"": ""balanced_subsample"", ""criterion"": ""gini"", ""max_depth"": null, ""max_features"": ""sqrt"", ""max_leaf_nodes"": null, ""max_samples"": null, ""min_impurity_decrease"": 0.0, ""min_samples_leaf"": 1, ""min_samples_split"": 2, ""min_weight_fraction_leaf"": 0.0, ""monotonic_cst"": null, ""n_estimators"": 100, ""n_jobs"": -1, ""oob_score"": false, ""random_state"": 42, ""verbose"": 0, ""warm_start"": false}",1.0,0.019419496370077956,0.6027631294145881,0.7701167116619269,0.4954248366013072,0.9242711717145833,0.7307722947852284
Regularized trees,"{""bootstrap"": true, ""ccp_alpha"": 0.0, ""class_weight"": null, ""criterion"": ""gini"", ""max_depth"": 12, ""max_features"": ""sqrt"", ""max_leaf_nodes"": null, ""max_samples"": null, ""min_impurity_decrease"": 0.0, ""min_samples_leaf"": 5, ""min_samples_split"": 2, ""min_weight_fraction_leaf"": 0.0, ""monotonic_cst"": null, ""n_estimators"": 100, ""n_jobs"": -1, ""oob_score"": false, ""random_state"": 42, ""verbose"": 0, ""warm_start"": false}",0.7236116027724104,0.019094122105216712,0.5945432613351175,0.8285841609371021,0.4639708561020036,0.9253858529733346,0.7493503537425011
Regularized balanced without PageValues,"{""bootstrap"": true, ""ccp_alpha"": 0.0, ""class_weight"": ""balanced"", ""criterion"": ""gini"", ""max_depth"": 12, ""max_features"": ""sqrt"", ""max_leaf_nodes"": null, ""max_samples"": null, ""min_impurity_decrease"": 0.0, ""min_samples_leaf"": 5, ""min_samples_split"": 2, ""min_weight_fraction_leaf"": 0.0, ""monotonic_cst"": null, ""n_estimators"": 100, ""n_jobs"": -1, ""oob_score"": false, ""random_state"": 42, ""verbose"": 0, ""warm_start"": false}",0.5791910368660366,0.022740813750649225,0.4238624891393892,0.32041284625551436,0.6264802314368371,0.7737408408244634,0.3823284150906782
