Feature,Importance
numerical__PageValues,0.5551586493706097
numerical__ExitRates,0.08144798255366545
numerical__ProductRelated_Duration,0.06410861626208733
categorical__Month_Nov,0.04741176511415656
numerical__ProductRelated,0.04337179269858266
numerical__BounceRates,0.03543252851927156
numerical__Administrative_Duration,0.03235150389599768
numerical__Administrative,0.0264175881403816
categorical__Month_May,0.013969660325819042
numerical__Informational_Duration,0.01204641097050477
categorical__Month_Mar,0.008452511407752675
numerical__Informational,0.006902545045202708
categorical__TrafficType_2,0.005499773747890691
categorical__Region_1,0.004591538837285023
categorical__Month_Dec,0.004138299070591897
categorical__Month_Sep,0.003592517608881887
categorical__Month_Jul,0.003578959997119338
categorical__Weekend_True,0.0033204847662733966
categorical__Browser_2,0.0032352232018723758
categorical__Region_3,0.003158759494369087
categorical__OperatingSystems_2,0.0029425883297428883
categorical__OperatingSystems_3,0.0026185495825572997
categorical__TrafficType_1,0.0024576557554694006
categorical__VisitorType_Returning_Visitor,0.002455774138937294
categorical__VisitorType_New_Visitor,0.0023050327020956115
categorical__Weekend_False,0.002188457741217998
categorical__Browser_4,0.0019117879487053806
categorical__TrafficType_3,0.0018903135601463692
categorical__OperatingSystems_1,0.001880777145760911
categorical__TrafficType_8,0.0018535872818615832
categorical__TrafficType_5,0.0016919582187305666
numerical__SpecialDay,0.0015547425099782359
categorical__Browser_1,0.0013674446972923228
categorical__Region_2,0.0013668288407311271
categorical__Region_4,0.0013134780038204735
categorical__Month_Oct,0.0012258824639394062
categorical__TrafficType_4,0.0012233235585464
categorical__TrafficType_13,0.0012209477098674535
categorical__Month_Aug,0.0009914510707124478
categorical__Region_9,0.0008663793117402846
categorical__TrafficType_6,0.0007519000508751758
categorical__Browser_5,0.0006898880182738254
categorical__Region_6,0.0006386061593393036
categorical__Region_8,0.0006185061396368757
categorical__Region_7,0.0006115662215546128
categorical__TrafficType_11,0.0005949151858267549
categorical__Month_June,0.0005129097341732173
categorical__TrafficType_10,0.0005063600407901611
categorical__TrafficType_20,0.00047769189130340346
categorical__Region_5,0.0002886277894541614
categorical__OperatingSystems_4,0.0002748172446475581
categorical__Browser_10,0.00020959535540514238
categorical__Browser_8,0.0001308793810290453
categorical__Browser_6,6.374902639541511e-05
categorical__OperatingSystems_8,6.151541801831827e-05
categorical__Month_Feb,2.2821788362436023e-05
categorical__Browser_13,1.6819259479379426e-05
categorical__VisitorType_Other,1.4759695265999923e-05
categorical__Browser_7,1.2721872838493734e-16
categorical__Browser_3,1.0855870679600721e-18
categorical__Browser_11,0.0
categorical__Browser_12,0.0
categorical__OperatingSystems_5,0.0
categorical__OperatingSystems_6,0.0
categorical__Browser_9,0.0
categorical__OperatingSystems_7,0.0
categorical__TrafficType_7,0.0
categorical__TrafficType_17,0.0
categorical__TrafficType_15,0.0
categorical__TrafficType_14,0.0
categorical__TrafficType_9,0.0
categorical__TrafficType_16,0.0
categorical__TrafficType_18,0.0
categorical__TrafficType_19,0.0
