Feature,Mean F1 decrease,Std
PageValues,0.46441599274148937,0.012129043089411063
Month,0.006752943564970271,0.004461635029418389
ExitRates,0.005204531212627583,0.007286386148358649
TrafficType,0.0003038287658948535,0.001535590486497472
ProductRelated,0.0002457863544860661,0.005124546860031093
OperatingSystems,-0.00014796947424791095,0.0022656977204705614
VisitorType,-0.0001535770891402777,0.0007624159551281175
Informational_Duration,-0.0004216060434100166,0.002472361980138398
SpecialDay,-0.0006373219400453767,0.001437544463354811
Administrative,-0.0009806041962453938,0.002636848386178066
Weekend,-0.001534028433963397,0.0012958512471098699
Informational,-0.003107990794839188,0.0026560884419832976
Browser,-0.0034326393749754213,0.0006229863853170848
BounceRates,-0.004348698609548052,0.0034668132645045546
Administrative_Duration,-0.005363852600764263,0.001378935185806153
Region,-0.009971079536170935,0.003043056809205548
ProductRelated_Duration,-0.01727307517602532,0.0023900810287009826
